asi_id,name,state,region_or_circle,district,location,latitude,longitude,primary_image,image_url,wikimedia_commons_category,protection_status
N-GJ-1,Three gates besides Bhadrakali temple (Azam Khan Sarai),Gujarat,Ahmedabad,Ahmedabad,Ahmedabad,23.023855,72.581440,Azam Khan Sarai.jpg,https://commons.wikimedia.org/wiki/Special:FilePath/Azam_Khan_Sarai.jpg?width=640,Azam Khan Sarai,Centrally Protected Monument of National Importance (ASI)
N-GJ-2,Bhadra Tower (Bhadra gate),Gujarat,Ahmedabad,Ahmedabad,Ahmedabad,23.024260,72.581501,Bhadra Fort Clock tower.JPG,https://commons.wikimedia.org/wiki/Special:FilePath/Bhadra_Fort_Clock_tower.JPG?width=640,Bhadra Tower,Centrally Protected Monument of National Importance (ASI)
N-GJ-3,Sidi Saiyyed Mosque,Gujarat,Ahmedabad,Ahmedabad,Ahmedabad,23.02708,72.58103,Mosque of Sidi Sayed Jaali.JPG,https://commons.wikimedia.org/wiki/Special:FilePath/Mosque_of_Sidi_Sayed_Jaali.JPG?width=640,Sidi Saiyyed Mosque,Centrally Protected Monument of National Importance (ASI)
N-GJ-4,Ahmed Shah's Mosque,Gujarat,Ahmedabad,Ahmedabad,Ahmedabad,23.022701,72.578980,Ahmad Shah Mosque-ahmedabad-Gujarat-DSC001.jpg,https://commons.wikimedia.org/wiki/Special:FilePath/Ahmad_Shah_Mosque-ahmedabad-Gujarat-DSC001.jpg?width=640,Ahmed Shah Mosque,Centrally Protected Monument of National Importance (ASI)
N-GJ-5,Teen Darwaza,Gujarat,Ahmedabad,Ahmedabad,Ahmedabad,23.024336,72.584545,Teen Darwaja (Three Gates) Ahmedabad.jpg,https://commons.wikimedia.org/wiki/Special:FilePath/Teen_Darwaja_%28Three_Gates%29_Ahmedabad.jpg?width=640,Teen Darwaja,Centrally Protected Monument of National Importance (ASI)
N-GJ-6,Shah Kupai Masjid (Shah Khoob Masjid),Gujarat,Ahmedabad,Ahmedabad,Ahmedabad,23.023815,72.583200,Shah_Yaqub_Masjid_.Ahmedabad.jpg,https://commons.wikimedia.org/wiki/Special:FilePath/Shah_Yaqub_Masjid_.Ahmedabad.jpg?width=640,Shah Kupai Masjid,Centrally Protected Monument of National Importance (ASI)
N-GJ-7,"Jama Masjid, Ahmedabad",Gujarat,Ahmedabad,Ahmedabad,Ahmedabad,23.02387,72.58709,"Jama_Masjid,_Ahmedabad_01.jpg",https://commons.wikimedia.org/wiki/Special:FilePath/Jama_Masjid%2C_Ahmedabad_01.jpg?width=640,Jama Masjid (Ahmedabad),Centrally Protected Monument of National Importance (ASI)
N-GJ-8,Rani no Hajiro (Tombs of Queens of Ahmed Shah),Gujarat,Ahmedabad,Ahmedabad,Ahmedabad,23.023742,72.589119,Tombs of Queens of Ahmed Shah (Rani Ka Ghar).jpg,https://commons.wikimedia.org/wiki/Special:FilePath/Tombs_of_Queens_of_Ahmed_Shah_%28Rani_Ka_Ghar%29.jpg?width=640,Rani no Hajiro,Centrally Protected Monument of National Importance (ASI)
N-GJ-9,Ahmed Shah's Tomb (Badshah no Hajiro),Gujarat,Ahmedabad,Ahmedabad,Ahmedabad,23.023792,72.587954,Ahmed Shah No Hajiro 5.jpg,https://commons.wikimedia.org/wiki/Special:FilePath/Ahmed_Shah_No_Hajiro_5.jpg?width=640,Ahmed Shah's Tomb,Centrally Protected Monument of National Importance (ASI)
N-GJ-10,Panchkuwa gate,Gujarat,Ahmedabad,Ahmedabad,Ahmedabad,23.02512,72.59724,Panchkuva Gate Ahmedabad.jpg,https://commons.wikimedia.org/wiki/Special:FilePath/Panchkuva_Gate_Ahmedabad.jpg?width=640,Panchkuwa gate,Centrally Protected Monument of National Importance (ASI)
N-GJ-11,Queen's Mosque in Sarangpur,Gujarat,Ahmedabad,Ahmedabad,Ahmedabad,23.022858,72.595890,Queen's Mosque Sarangpur page-0001.jpg,https://commons.wikimedia.org/wiki/Special:FilePath/Queen%27s_Mosque_Sarangpur_page-0001.jpg?width=640,"Queen's Mosque, Sarangpur",Centrally Protected Monument of National Importance (ASI)
N-GJ-12,"Tomb near Queen's Mosque, Sarangpur",Gujarat,Ahmedabad,Ahmedabad,Ahmedabad,23.022883,72.596235,,,,Centrally Protected Monument of National Importance (ASI)
N-GJ-13,Brick Minars,Gujarat,Ahmedabad,Ahmedabad,Ahmedabad,23.02792,72.60109,Shaking Minarets outside Ahmedabad railway station.jpg,https://commons.wikimedia.org/wiki/Special:FilePath/Shaking_Minarets_outside_Ahmedabad_railway_station.jpg?width=640,Shaking Minarets at Ahmedabad railway station,Centrally Protected Monument of National Importance (ASI)
N-GJ-14,Sidi Bashir Mosque - (Jhulta Minar),Gujarat,Ahmedabad,Ahmedabad,Ahmedabad,23.02371,72.59975,Shaking Minarets.jpg,https://commons.wikimedia.org/wiki/Special:FilePath/Shaking_Minarets.jpg?width=640,Sidi Bashir Mosque,Centrally Protected Monument of National Importance (ASI)
N-GJ-15,Delhi gate,Gujarat,Ahmedabad,Ahmedabad,Ahmedabad,23.037851,72.587983,"Delhi_Darwaja,_Ahmedabad.JPG",https://commons.wikimedia.org/wiki/Special:FilePath/Delhi_Darwaja%2C_Ahmedabad.JPG?width=640,"Delhi Darwaja, Ahmedabad",Centrally Protected Monument of National Importance (ASI)
N-GJ-16,Qutub Shah's Mosque,Gujarat,Ahmedabad,Ahmedabad,Ahmedabad,23.0353252,72.5873828,Qutub Shah Mosque 7.jpg,https://commons.wikimedia.org/wiki/Special:FilePath/Qutub_Shah_Mosque_7.jpg?width=640,Qutbuddin Mosque,Centrally Protected Monument of National Importance (ASI)
N-GJ-17,Hazrat Harir's Mosque &amp; Tomb,Gujarat,Ahmedabad,Ahmedabad,Ahmedabad,23.04083,72.60484,View_of_mosque_from_tomb.jpg,https://commons.wikimedia.org/wiki/Special:FilePath/View_of_mosque_from_tomb.jpg?width=640,Dada Harir's Mosque and Tomb,Centrally Protected Monument of National Importance (ASI)
N-GJ-18,Dada Harir Stepwell,Gujarat,Ahmedabad,Ahmedabad,Ahmedabad,23.04074,72.60534,600 YEAR OLD DADA HARIR STEPWELL AHMEDABAD.jpg,https://commons.wikimedia.org/wiki/Special:FilePath/600_YEAR_OLD_DADA_HARIR_STEPWELL_AHMEDABAD.jpg?width=640,Dada Harir Stepwell,Centrally Protected Monument of National Importance (ASI)
N-GJ-19,Kalulpur gate,Gujarat,Ahmedabad,Ahmedabad,Ahmedabad,23.03084,72.59799,Kalupur Darwaja 2.jpg,https://commons.wikimedia.org/wiki/Special:FilePath/Kalupur_Darwaja_2.jpg?width=640,Kalupur Darwaja,Centrally Protected Monument of National Importance (ASI)
N-GJ-20,Sarangpur Gate,Gujarat,Ahmedabad,Ahmedabad,Ahmedabad,23.0225,72.598056,Sarangpur Darwaja 2.jpg,https://commons.wikimedia.org/wiki/Special:FilePath/Sarangpur_Darwaja_2.jpg?width=640,Sarangpur Darwaja,Centrally Protected Monument of National Importance (ASI)
N-GJ-21,Dariyapur gate,Gujarat,Ahmedabad,Ahmedabad,Ahmedabad,23.03744,72.59295,Dariyapur Darwaja 3.jpg,https://commons.wikimedia.org/wiki/Special:FilePath/Dariyapur_Darwaja_3.jpg?width=640,Dariyapur Darwaja,Centrally Protected Monument of National Importance (ASI)
N-GJ-22,Premabhai gate,Gujarat,Ahmedabad,Ahmedabad,Ahmedabad,23.035,72.596667,Prem Darwaja.jpg,https://commons.wikimedia.org/wiki/Special:FilePath/Prem_Darwaja.jpg?width=640,Prem Darwaja,Centrally Protected Monument of National Importance (ASI)
N-GJ-23,Mata Bhavani's Stepwell,Gujarat,Ahmedabad,Ahmedabad,Ahmedabad,23.0443357,72.6068337,Mata Bhavani's Stepwell Ahmedabad 1866.jpg,https://commons.wikimedia.org/wiki/Special:FilePath/Mata_Bhavani%27s_Stepwell_Ahmedabad_1866.jpg?width=640,Mata Bhavani's Stepwell,Centrally Protected Monument of National Importance (ASI)
N-GJ-24,Achut Bibi's Mosque,Gujarat,Ahmedabad,Ahmedabad,Ahmedabad,23.0477,72.58139,Achyut Bibis Masjid and Tomb Ahmedabad 1855.jpg,https://commons.wikimedia.org/wiki/Special:FilePath/Achyut_Bibis_Masjid_and_Tomb_Ahmedabad_1855.jpg?width=640,Achut Bibi's Mosque,Centrally Protected Monument of National Importance (ASI)
N-GJ-25,Dariya Khan's Tomb,Gujarat,Ahmedabad,Ahmedabad,Ahmedabad,23.052725,72.586809,Darya Khan's Tomb Ahmedabad 1866.jpg,https://commons.wikimedia.org/wiki/Special:FilePath/Darya_Khan%27s_Tomb_Ahmedabad_1866.jpg?width=640,"Darya Khan's Tomb, Ahmedabad",Centrally Protected Monument of National Importance (ASI)
N-GJ-26,Muhafiz Khan Mosque,Gujarat,Ahmedabad,Ahmedabad,Ahmedabad,23.03313,72.58806,Muhafiz Khan Mosque Ahmedabhad 1855.jpg,https://commons.wikimedia.org/wiki/Special:FilePath/Muhafiz_Khan_Mosque_Ahmedabhad_1855.jpg?width=640,Muhafiz Khan Mosque,Centrally Protected Monument of National Importance (ASI)
N-GJ-27,Rani Rupamati's Mosque,Gujarat,Ahmedabad,Ahmedabad,Ahmedabad,23.031792,72.583744,Rani Rupavati's Mosque 02.jpg,https://commons.wikimedia.org/wiki/Special:FilePath/Rani_Rupavati%27s_Mosque_02.jpg?width=640,Rani Rupavati's Mosque,Centrally Protected Monument of National Importance (ASI)
N-GJ-28,Shahpur Kazi Mohmad Chisti's Masjid,Gujarat,Ahmedabad,Ahmedabad,Ahmedabad,23.0376798,72.5804191,Shahpur Mosque Ahmedabad 1866.jpg,https://commons.wikimedia.org/wiki/Special:FilePath/Shahpur_Mosque_Ahmedabad_1866.jpg?width=640,Shahpur Mosque,Centrally Protected Monument of National Importance (ASI)
N-GJ-29,Saiyad Usman Mosque and Tomb,Gujarat,Ahmedabad,Ahmedabad,Ahmedabad,23.0480301,72.5694835,The Mosque Of Shamme Burhani ( R.A ) A Rare Picture.png,https://commons.wikimedia.org/wiki/Special:FilePath/The_Mosque_Of_Shamme_Burhani_%28_R.A_%29_A_Rare_Picture.png?width=640,Saiyad Usman Mosque,Centrally Protected Monument of National Importance (ASI)
N-GJ-30,Shah-e-Alam's Roza,Gujarat,Ahmedabad,Ahmedabad,Ahmedabad,22.9945456,72.5893199,Tomb of Shah Alam Ahmedabhad 1860s.jpg,https://commons.wikimedia.org/wiki/Special:FilePath/Tomb_of_Shah_Alam_Ahmedabhad_1860s.jpg?width=640,Shah Alam Roza,Centrally Protected Monument of National Importance (ASI)
N-GJ-31,Small stone Mosque (Rani Masjid),Gujarat,Ahmedabad,Ahmedabad,Ahmedabad,23.010383,72.565132,,,,Centrally Protected Monument of National Importance (ASI)
N-GJ-32,Azam and Mauzzam Khan's Tomb,Gujarat,Ahmedabad,Ahmedabad,Ahmedabad,23.00196,72.54976,Azam and Muazzam Khan's Tomb Ahmedabad 1866.jpg,https://commons.wikimedia.org/wiki/Special:FilePath/Azam_and_Muazzam_Khan%27s_Tomb_Ahmedabad_1866.jpg?width=640,Azam and Muazzam Khan's Roza,Centrally Protected Monument of National Importance (ASI)
N-GJ-33,Dastur Khan's Mosque,Gujarat,Ahmedabad,Ahmedabad,Ahmedabad,23.0177778,72.5891667,Dastur Khan Masjid Astodiya Ahmedabad oct 2012.jpg,https://commons.wikimedia.org/wiki/Special:FilePath/Dastur_Khan_Masjid_Astodiya_Ahmedabad_oct_2012.jpg?width=640,Dastur Khan Mosque,Centrally Protected Monument of National Importance (ASI)
N-GJ-34,Rani Sipri's Mosque and Tomb,Gujarat,Ahmedabad,Ahmedabad,Ahmedabad,23.017222,72.590278,"Ahmedabad, Rani Sipri's Mosque.jpg",https://commons.wikimedia.org/wiki/Special:FilePath/Ahmedabad%2C_Rani_Sipri%27s_Mosque.jpg?width=640,Rani Sipri's Mosque,Centrally Protected Monument of National Importance (ASI)
N-GJ-35,Astodiya gate,Gujarat,Ahmedabad,Ahmedabad,Ahmedabad,23.016815,72.590928,Astodiya Gate.jpg,https://commons.wikimedia.org/wiki/Special:FilePath/Astodiya_Gate.jpg?width=640,Astodiya Darwaja,Centrally Protected Monument of National Importance (ASI)
N-GJ-36,Malik Alam's Mosque,Gujarat,Ahmedabad,Ahmedabad,Ahmedabad,23.0008954,72.5869734,Ahmedabhad. (12513229913).jpg,https://commons.wikimedia.org/wiki/Special:FilePath/Ahmedabhad._%2812513229913%29.jpg?width=640,Malik Alam's Mosque,Centrally Protected Monument of National Importance (ASI)
N-GJ-37,Raipur gate,Gujarat,Ahmedabad,Ahmedabad,Ahmedabad,23.017222,72.594722,Raipur darwaja.jpg,https://commons.wikimedia.org/wiki/Special:FilePath/Raipur_darwaja.jpg?width=640,Raipur Darwaja,Centrally Protected Monument of National Importance (ASI)
N-GJ-38,Inlet to Kankaria Lake,Gujarat,Ahmedabad,Ahmedabad,Ahmedabad,23.00624,72.6042,Supply sluice of Kankaria Lake Ahmedabad 1866.jpg,https://commons.wikimedia.org/wiki/Special:FilePath/Supply_sluice_of_Kankaria_Lake_Ahmedabad_1866.jpg?width=640,Inlet to Kankaria Lake,Centrally Protected Monument of National Importance (ASI)
N-GJ-39,Bibiji's Masjid,Gujarat,Ahmedabad,Ahmedabad,Ahmedabad,23.014399,72.614241,Bibiji's Masjid (Zulta Minara).JPG,https://commons.wikimedia.org/wiki/Special:FilePath/Bibiji%27s_Masjid_%28Zulta_Minara%29.JPG?width=640,Bibiji's Masjid,Centrally Protected Monument of National Importance (ASI)
N-GJ-40,Haibat Khan's Mosque,Gujarat,Ahmedabad,Ahmedabad,Ahmedabad,23.0126,72.5823,Haibat Khan's Mosque.jpg,https://commons.wikimedia.org/wiki/Special:FilePath/Haibat_Khan%27s_Mosque.jpg?width=640,Haibat Khan's Mosque,Centrally Protected Monument of National Importance (ASI)
N-GJ-41,Baba Lului's Mosque,Gujarat,Ahmedabad,Ahmedabad,Ahmedabad,23.008867,72.575786,Hazrat_Bava_Lavlavi_Masjid.jpg,https://commons.wikimedia.org/wiki/Special:FilePath/Hazrat_Bava_Lavlavi_Masjid.jpg?width=640,Baba Lului's Masjid,Centrally Protected Monument of National Importance (ASI)
N-GJ-42,Nawab Sardar Khan Masjid and outer gate in survey No. 6814. (part of Sardar Khan's Roza),Gujarat,Ahmedabad,Ahmedabad,Ahmedabad,23.01561,72.58383,Nawab_Sardar_Khan_Masjid.jpg,https://commons.wikimedia.org/wiki/Special:FilePath/Nawab_Sardar_Khan_Masjid.jpg?width=640,Sardar Khan's Roza,Centrally Protected Monument of National Importance (ASI)
N-GJ-43,Sardar Khan's Roza and its compound bearing C.S.No. 6811,Gujarat,Ahmedabad,Ahmedabad,Ahmedabad,23.0155,72.58428,Ahmedabad (9183709221).jpg,https://commons.wikimedia.org/wiki/Special:FilePath/Ahmedabad_%289183709221%29.jpg?width=640,Sardar Khan's Roza,Centrally Protected Monument of National Importance (ASI)
N-GJ-44,Mir Abu Turab's Tomb,Gujarat,Ahmedabad,Ahmedabad,Ahmedabad,23.00466,72.57665,Tomb Of Mir Abu Turab Ahmedabad.jpg,https://commons.wikimedia.org/wiki/Special:FilePath/Tomb_Of_Mir_Abu_Turab_Ahmedabad.jpg?width=640,Mir Abu Turab's Tomb,Centrally Protected Monument of National Importance (ASI)
N-GJ-45,Jethabhai's Stepwell,Gujarat,Ahmedabad,Ahmedabad,Isanpur,22.9744714,72.6034272,Inbetween carving.jpg,https://commons.wikimedia.org/wiki/Special:FilePath/Inbetween_carving.jpg?width=640,Jethabhai's Stepwell,Centrally Protected Monument of National Importance (ASI)
N-GJ-46,Small Stone Masjid (Gumle Masjid) (Malik Isan's Mosque),Gujarat,Ahmedabad,Ahmedabad,Isanpur,22.9791485,72.599263,,,,Centrally Protected Monument of National Importance (ASI)
N-GJ-47,Qutub-e-Alam's Mosque,Gujarat,Ahmedabad,Ahmedabad,Vatva,22.9565584,72.6135886,Qutub-i-Alam Dargah Ahmedabad 1855.jpg,https://commons.wikimedia.org/wiki/Special:FilePath/Qutub-i-Alam_Dargah_Ahmedabad_1855.jpg?width=640,Qutub-e-Alam's Mosque,Centrally Protected Monument of National Importance (ASI)
N-GJ-48,Great Mosque,Gujarat,Ahmedabad,Ahmedabad,Sarkhej Roza,22.993399,72.504661,"Rauza of Azam Khan Mauzzam Khan, ahmedabad, gujarat 01.JPG",https://commons.wikimedia.org/wiki/Special:FilePath/Rauza_of_Azam_Khan_Mauzzam_Khan%2C_ahmedabad%2C_gujarat_01.JPG?width=640,"Great Mosque, Sarkhej Roza",Centrally Protected Monument of National Importance (ASI)
N-GJ-49,"Great Tank, Palace &amp; Harem",Gujarat,Ahmedabad,Ahmedabad,Sarkhej Roza,22.9907,72.50412,"Great Tank and the Queen's Palace, Sarkhej Roza.jpg",https://commons.wikimedia.org/wiki/Special:FilePath/Great_Tank_and_the_Queen%27s_Palace%2C_Sarkhej_Roza.jpg?width=640,"Great Tank, Palace and Harem, Sarkhej Roza",Centrally Protected Monument of National Importance (ASI)
N-GJ-50,Pavilion,Gujarat,Ahmedabad,Ahmedabad,Sarkhej Roza,22.993307,72.505527,Sarkhej Roja Clicked by Hariom Raval.jpg,https://commons.wikimedia.org/wiki/Special:FilePath/Sarkhej_Roja_Clicked_by_Hariom_Raval.jpg?width=640,"Pavilion, Sarkhej Roza",Centrally Protected Monument of National Importance (ASI)
N-GJ-51,Roza of Baba Ishaq and Bawa Ganj Bhaksh,Gujarat,Ahmedabad,Ahmedabad,Sarkhej Roza,22.988068,72.503336,,,"Roza of Baba Ishaq and Bawa Ganj Baksh, Sarkhej Roza",Centrally Protected Monument of National Importance (ASI)
N-GJ-52,Tomb of Bibi (Rani) Rajbai,Gujarat,Ahmedabad,Ahmedabad,Sarkhej Roza,22.992945,72.505371,Sarkhej Roja..JPG,https://commons.wikimedia.org/wiki/Special:FilePath/Sarkhej_Roja..JPG?width=640,Tomb of Bibi (Rani) Rajbai,Centrally Protected Monument of National Importance (ASI)
N-GJ-53,Tomb of Mahmud Begada,Gujarat,Ahmedabad,Ahmedabad,Sarkhej Roza,22.99302,72.50578,Tomb of Mohd.jpg,https://commons.wikimedia.org/wiki/Special:FilePath/Tomb_of_Mohd.jpg?width=640,Tomb of Mahmud Begada,Centrally Protected Monument of National Importance (ASI)
N-GJ-54,Tomb of Shaikh Ahmed Khattau Ganj Baksh,Gujarat,Ahmedabad,Ahmedabad,Sarkhej Roza,22.993585,72.505552,Shaikh Ahmed Khattau.jpg,https://commons.wikimedia.org/wiki/Special:FilePath/Shaikh_Ahmed_Khattau.jpg?width=640,Tomb of Sheikh Ahmad Khattau Ganj Baksh,Centrally Protected Monument of National Importance (ASI)
N-GJ-55,Jami Masjid,Gujarat,Ahmedabad,Ahmedabad,Dholka,22.72941,72.44073,"Jami Masjid, Dholka 01.jpg",https://commons.wikimedia.org/wiki/Special:FilePath/Jami_Masjid%2C_Dholka_01.jpg?width=640,"Jami Masjid, Dholka",Centrally Protected Monument of National Importance (ASI)
N-GJ-56,Malav Tank,Gujarat,Ahmedabad,Ahmedabad,Dholka,22.726579,72.435404,Malav_talab.jpg,https://commons.wikimedia.org/wiki/Special:FilePath/Malav_talab.jpg?width=640,Malav Talav,Centrally Protected Monument of National Importance (ASI)
N-GJ-57,Khan Masjid,Gujarat,Ahmedabad,Ahmedabad,Dholka,22.733902,72.431370,Khan Masjid 5.jpg,https://commons.wikimedia.org/wiki/Special:FilePath/Khan_Masjid_5.jpg?width=640,"Khan Masjid, Dholka",Centrally Protected Monument of National Importance (ASI)
N-GJ-58,Bahlol Khan Gazi's Mosque,Gujarat,Ahmedabad,Ahmedabad,Dholka,22.734366,72.441227,Entrance porch to the Bahlol Khan Gazi's Mosque 10.jpg,https://commons.wikimedia.org/wiki/Special:FilePath/Entrance_porch_to_the_Bahlol_Khan_Gazi%27s_Mosque_10.jpg?width=640,Bahlol Khan Gazi's Mosque,Centrally Protected Monument of National Importance (ASI)
N-GJ-59,Ruined Building,Gujarat,Ahmedabad,Ahmedabad,Dholka,22.725566,72.441993,,,,Centrally Protected Monument of National Importance (ASI)
N-GJ-60,Ancient site at Lothal,Gujarat,Ahmedabad,Ahmedabad,Lothal,22.522607,72.248776,Earthen Pot at Lothal.JPG,https://commons.wikimedia.org/wiki/Special:FilePath/Earthen_Pot_at_Lothal.JPG?width=640,Lothal,Centrally Protected Monument of National Importance (ASI)
N-GJ-61,Masjid of Ragusha Pir,Gujarat,Ahmedabad,Botad,Ranpur,22.34655,71.71162,,,,Centrally Protected Monument of National Importance (ASI)
N-GJ-62,Jami Masjid,Gujarat,Ahmedabad,Ahmedabad,Mandal,23.28886,71.91706,Colonnaded.jpg,https://commons.wikimedia.org/wiki/Special:FilePath/Colonnaded.jpg?width=640,"Jami Masjid, Mandal",Centrally Protected Monument of National Importance (ASI)
N-GJ-63,Kazi Masjid,Gujarat,Ahmedabad,Ahmedabad,Mandal,23.29004,71.91773,Fort Gate (under repair).jpg,https://commons.wikimedia.org/wiki/Special:FilePath/Fort_Gate_%28under_repair%29.jpg?width=640,Kazi Masjid,Centrally Protected Monument of National Importance (ASI)
N-GJ-64,Saiyad Masjid,Gujarat,Ahmedabad,Ahmedabad,Mandal,23.28876,71.91757,,,,Centrally Protected Monument of National Importance (ASI)
N-GJ-65,Munsar Talav &amp; Shrines,Gujarat,Ahmedabad,Ahmedabad,Viramgam,23.12145,72.04394,Munsarlake.jpg,https://commons.wikimedia.org/wiki/Special:FilePath/Munsarlake.jpg?width=640,Munsar lake and shrines,Centrally Protected Monument of National Importance (ASI)
N-GJ-66,Ancient site Gohilwad Timbo (Mound),Gujarat,Gujarat (Rest),Amreli,Amreli,21.61,71.20,Gohilwad no Timbo 1.jpg,https://commons.wikimedia.org/wiki/Special:FilePath/Gohilwad_no_Timbo_1.jpg?width=640,Gohilwad Timbo,Centrally Protected Monument of National Importance (ASI)
N-GJ-67,Fresco on the wall of Kashiviswanath temple,Gujarat,Gujarat (Rest),Amreli,Padar Singha,21.661666,71.515140,Shri Krishna Lifting Gowardhan Parvat.jpg,https://commons.wikimedia.org/wiki/Special:FilePath/Shri_Krishna_Lifting_Gowardhan_Parvat.jpg?width=640,"Fresco on the wall of Kashivishwanath temple, Padar Shinga",Centrally Protected Monument of National Importance (ASI)
N-GJ-68,Ancient Site,Gujarat,Gujarat (Rest),Amreli,Venivadar,21.645596,71.149663,Ancient site showing remains of Village. 01.jpg,https://commons.wikimedia.org/wiki/Special:FilePath/Ancient_site_showing_remains_of_Village._01.jpg?width=640,"Ancient Site, Venivadar",Centrally Protected Monument of National Importance (ASI)
N-GJ-69,Borsad Stepwell,Gujarat,Gujarat (Rest),Anand,Borsad,22.411107,72.901090,"The 7-storey stepwell at Borsad, Anand, Gujarat.jpg",https://commons.wikimedia.org/wiki/Special:FilePath/The_7-storey_stepwell_at_Borsad%2C_Anand%2C_Gujarat.jpg?width=640,Borsad Stepwell,Centrally Protected Monument of National Importance (ASI)
N-GJ-70,"Jami Masjid, Khambhat",Gujarat,Gujarat (Rest),Anand,Khambhat,22.3100049,72.6178113,"Jami Mosque, Khambhat, Gujarat, India.jpg",https://commons.wikimedia.org/wiki/Special:FilePath/Jami_Mosque%2C_Khambhat%2C_Gujarat%2C_India.jpg?width=640,"Jami Masjid, Khambhat",Centrally Protected Monument of National Importance (ASI)
N-GJ-71,Ancient site / Mound,Gujarat,Gujarat (Rest),Bhavnagar,Sihor,21.706065,71.964922,,,,Centrally Protected Monument of National Importance (ASI)
N-GJ-72,Darbargadh,Gujarat,Gujarat (Rest),Bhavnagar,Sihor,21.710895,71.966581,,,,Centrally Protected Monument of National Importance (ASI)
N-GJ-73,Ancient site / Mound,Gujarat,Gujarat (Rest),Bhavnagar,Vala (Vallabhi),21.893925,71.874324,,,,Centrally Protected Monument of National Importance (ASI)
N-GJ-74,Jain temples,Gujarat,Gujarat (Rest),Bhavnagar,Talaja,21.3575458,72.0265713,"Gumbaj""_of_Temple.JPG",https://commons.wikimedia.org/wiki/Special:FilePath/Gumbaj%22_of_Temple.JPG?width=640,"Jain temples, Talaja",Centrally Protected Monument of National Importance (ASI)
N-GJ-75,Talaja Caves,Gujarat,Gujarat (Rest),Bhavnagar,Talaja,21.35,72.03,Talaja_Cave.JPG,https://commons.wikimedia.org/wiki/Special:FilePath/Talaja_Cave.JPG?width=640,Talaja caves,Centrally Protected Monument of National Importance (ASI)
N-GJ-76,Jami Masjid,Gujarat,Gujarat (Rest),Bharuch,Bharuch,21.691854,72.982079,Jami Masjid Bharuch.jpg,https://commons.wikimedia.org/wiki/Special:FilePath/Jami_Masjid_Bharuch.jpg?width=640,"Jami Masjid, Bharuch",Centrally Protected Monument of National Importance (ASI)
N-GJ-77,Old Ruined temple of Mahadev,Gujarat,Gujarat (Rest),Dahod,Bavka,22.752239,74.201130,Bawka.jpg,https://commons.wikimedia.org/wiki/Special:FilePath/Bawka.jpg?width=640,Bawka Shiva Temple,Centrally Protected Monument of National Importance (ASI)
N-GJ-78,Tomb of Sikandar Shah,Gujarat,Gujarat (Rest),Panchmahal,Halol,22.5052553,73.4730718,Tomb of Sikander Shah.jpg,https://commons.wikimedia.org/wiki/Special:FilePath/Tomb_of_Sikander_Shah.jpg?width=640,Tomb of Sikandar Shah,Centrally Protected Monument of National Importance (ASI)
N-GJ-79,Ek-Minar-ki-Masjid,Gujarat,Gujarat (Rest),Panchmahal,Halol,22.489421,73.514995,"Ek Minar Ki Masjid, Chamaper.JPG",https://commons.wikimedia.org/wiki/Special:FilePath/Ek_Minar_Ki_Masjid%2C_Chamaper.JPG?width=640,Ek-Minar-ki-Masjid,Centrally Protected Monument of National Importance (ASI)
N-GJ-80,Panch-Mahuda-ki-Masjid,Gujarat,Gujarat (Rest),Panchmahal,Halol,22.4900964,73.5003195,Panch Mahuda Ki Masjid.jpg,https://commons.wikimedia.org/wiki/Special:FilePath/Panch_Mahuda_Ki_Masjid.jpg?width=640,Panch-Mahuda-ki-Masjid,Centrally Protected Monument of National Importance (ASI)
N-GJ-81,Tomb near Panch Mahuda Ki Masjid,Gujarat,Gujarat (Rest),Panchmahal,Halol,22.4941305,73.5001876,,,,Centrally Protected Monument of National Importance (ASI)
N-GJ-82,Helical Stepped well (With 50 feet space around at pathway 10 feet wide to nearest road),Gujarat,Gujarat (Rest),Panchmahal,Champaner,22.4844262,73.5155762,"Vav or Helical Step Well, Champaner.jpg",https://commons.wikimedia.org/wiki/Special:FilePath/Vav_or_Helical_Step_Well%2C_Champaner.jpg?width=640,"Helical stepwell, Champaner",Centrally Protected Monument of National Importance (ASI)
N-GJ-83,Sakar Khan's Dargah,Gujarat,Gujarat (Rest),Panchmahal,Champaner,22.4827351,73.5183493,Sakar Khan's Tomb.JPG,https://commons.wikimedia.org/wiki/Special:FilePath/Sakar_Khan%27s_Tomb.JPG?width=640,Sakar Khan's Dargah,Centrally Protected Monument of National Importance (ASI)
N-GJ-84,City Gate,Gujarat,Gujarat (Rest),Panchmahal,Champaner,22.483037,73.522240,City Gate - Champaner-Pavagadh Archaeological Park - Gujarat - DSC0002.jpg,https://commons.wikimedia.org/wiki/Special:FilePath/City_Gate_-_Champaner-Pavagadh_Archaeological_Park_-_Gujarat_-_DSC0002.jpg?width=640,"City Gate, Champaner",Centrally Protected Monument of National Importance (ASI)
N-GJ-85,Citadel walls,Gujarat,Gujarat (Rest),Panchmahal,Champaner,22.483365,73.531211,Champaner_citadel_walls.jpg,https://commons.wikimedia.org/wiki/Special:FilePath/Champaner_citadel_walls.jpg?width=640,"Citadel walls, Champaner",Centrally Protected Monument of National Importance (ASI)
N-GJ-86,City walls at S.E. corner of the citadel going up the hill,Gujarat,Gujarat (Rest),Panchmahal,Champaner,22.483446,73.537005,Citadel Walls - Champaner-Pavagadh Archaeological Park - Gujarat - DSC003.jpg,https://commons.wikimedia.org/wiki/Special:FilePath/Citadel_Walls_-_Champaner-Pavagadh_Archaeological_Park_-_Gujarat_-_DSC003.jpg?width=640,"Citadel walls, Champaner",Centrally Protected Monument of National Importance (ASI)
N-GJ-87,East and South Bhadra Gates {{coord|22.484898|73.536494|display=inline,Gujarat,Gujarat (Rest),,,,,,,,Centrally Protected Monument of National Importance (ASI)
N-GJ-88,Sahar ki Masjid (Bohrani),Gujarat,Gujarat (Rest),Panchmahal,Champaner,22.4836217,73.529406,Sahar_ki_Masjid_-_2.jpg,https://commons.wikimedia.org/wiki/Special:FilePath/Sahar_ki_Masjid_-_2.jpg?width=640,Sahar ki Masjid,Centrally Protected Monument of National Importance (ASI)
N-GJ-89,Three cells,Gujarat,Gujarat (Rest),Panchmahal,Champaner,22.484362,73.5311885,,,,Centrally Protected Monument of National Importance (ASI)
N-GJ-90,Mandvi or Custom House,Gujarat,Gujarat (Rest),Panchmahal,Champaner,22.4842792,73.5317898,Mandvi or Custom House Entrance.jpg,https://commons.wikimedia.org/wiki/Special:FilePath/Mandvi_or_Custom_House_Entrance.jpg?width=640,Mandvi or Custom House,Centrally Protected Monument of National Importance (ASI)
N-GJ-91,Jami Masjid,Gujarat,Gujarat (Rest),Panchmahal,Champaner,22.4858869,73.534987,"Jami Masjid at champaner, Godhara.JPG",https://commons.wikimedia.org/wiki/Special:FilePath/Jami_Masjid_at_champaner%2C_Godhara.JPG?width=640,"Jami Masjid, Champaner",Centrally Protected Monument of National Importance (ASI)
N-GJ-92,Stepwell,Gujarat,Gujarat (Rest),Panchmahal,Champaner,22.486436,73.537614,Stepped well at Jama Masjid Champaner.jpg,https://commons.wikimedia.org/wiki/Special:FilePath/Stepped_well_at_Jama_Masjid_Champaner.jpg?width=640,"Stepwell near Jami Masjid, Champaner",Centrally Protected Monument of National Importance (ASI)
N-GJ-93,Kevada Masjid,Gujarat,Gujarat (Rest),Panchmahal,Champaner,22.489371,73.531351,"Champaner, Kevada Masjid (9840302206).jpg",https://commons.wikimedia.org/wiki/Special:FilePath/Champaner%2C_Kevada_Masjid_%289840302206%29.jpg?width=640,Kevada Mosque,Centrally Protected Monument of National Importance (ASI)
N-GJ-94,Tomb with a Brick dome in the centre and small corner domes (Bada Talb ka Maqbara),Gujarat,Gujarat (Rest),Panchmahal,Champaner,22.494590,73.550385,,,,Centrally Protected Monument of National Importance (ASI)
N-GJ-95,Canatoph of Kevda Masjid,Gujarat,Gujarat (Rest),Panchmahal,Champaner,22.4904503,73.5342606,Kevda Masjid 05.jpg,https://commons.wikimedia.org/wiki/Special:FilePath/Kevda_Masjid_05.jpg?width=640,Cenotaph of Kevada Mosque,Centrally Protected Monument of National Importance (ASI)
N-GJ-96,Nagina Masjid,Gujarat,Gujarat (Rest),Panchmahal,Champaner,22.4941482,73.5290356,Nagina Masjid.JPG,https://commons.wikimedia.org/wiki/Special:FilePath/Nagina_Masjid.JPG?width=640,Nagina Masjid (Champaner),Centrally Protected Monument of National Importance (ASI)
N-GJ-97,Cenotaph of Nagina Masjid,Gujarat,Gujarat (Rest),Panchmahal,Champaner,22.494281,73.530168,Nagina Cenotaph.JPG,https://commons.wikimedia.org/wiki/Special:FilePath/Nagina_Cenotaph.JPG?width=640,Cenotaph of Nagina Masjid,Centrally Protected Monument of National Importance (ASI)
N-GJ-98,Lila Gumbaj ki Masjid,Gujarat,Gujarat (Rest),Panchmahal,Champaner,22.4895358,73.5414171,"Champaner, Lila Gumbaj Ki Masjid (9840188055).jpg",https://commons.wikimedia.org/wiki/Special:FilePath/Champaner%2C_Lila_Gumbaj_Ki_Masjid_%289840188055%29.jpg?width=640,Lili Gumbaz Masjid Champaner,Centrally Protected Monument of National Importance (ASI)
N-GJ-99,Kabutarkhana Pavilion (Khajuri Masjid),Gujarat,Gujarat (Rest),Panchmahal,Champaner,22.4941263,73.556136,Kabutarkhana Pavilion - Champaner-Pavagadh Archaeological Park - Gujarat - DSC001.jpg,https://commons.wikimedia.org/wiki/Special:FilePath/Kabutarkhana_Pavilion_-_Champaner-Pavagadh_Archaeological_Park_-_Gujarat_-_DSC001.jpg?width=640,Kabutarkhana Pavilion Champaner,Centrally Protected Monument of National Importance (ASI)
N-GJ-100,Kamani Masjid,Gujarat,Gujarat (Rest),Panchmahal,Champaner,22.4829944,73.5449283,Kamani Masjid Champaner 07.JPG,https://commons.wikimedia.org/wiki/Special:FilePath/Kamani_Masjid_Champaner_07.JPG?width=640,Kamani Masjid Champaner,Centrally Protected Monument of National Importance (ASI)
N-GJ-101,Bawa Man's Mosque,Gujarat,Gujarat (Rest),Panchmahal,Champaner,22.4792065,73.5335755,Bawaman Mosque - Champaner-Pavagadh Archaeological Park - Gujarat - DSC0001.jpg,https://commons.wikimedia.org/wiki/Special:FilePath/Bawaman_Mosque_-_Champaner-Pavagadh_Archaeological_Park_-_Gujarat_-_DSC0001.jpg?width=640,Bawa Man's Mosque,Centrally Protected Monument of National Importance (ASI)
N-GJ-102,Gate No. 1 Atak Gate (with two gateways),Gujarat,Gujarat (Rest),Panchmahal,Pavagad hill,22.4764002,73.530729,Atak Gate (with two gateways).JPG,https://commons.wikimedia.org/wiki/Special:FilePath/Atak_Gate_%28with_two_gateways%29.JPG?width=640,Atak Gate,Centrally Protected Monument of National Importance (ASI)
N-GJ-103,Gate No. 2 (with three gateways) Budhiya gate,Gujarat,Gujarat (Rest),Panchmahal,Pavagad hill,22.465155,73.521968,,,,Centrally Protected Monument of National Importance (ASI)
N-GJ-104,Gate No. 3 Moti gate Sadanshah-Gate,Gujarat,Gujarat (Rest),Panchmahal,Pavagad hill,22.461318,73.527644,"Gate No. 3 Moti gate Sadanshah-Gate, Pavagadh.JPG",https://commons.wikimedia.org/wiki/Special:FilePath/Gate_No._3_Moti_gate_Sadanshah-Gate%2C_Pavagadh.JPG?width=640,Sadan Shah Gate,Centrally Protected Monument of National Importance (ASI)
N-GJ-105,Gate No. 4 with big bastion with cells in the interior.,Gujarat,Gujarat (Rest),Panchmahal,Pavagad hill,22.467550,73.515280,Elegant view of Gate No - 4 of Pavagadh hill.jpg,https://commons.wikimedia.org/wiki/Special:FilePath/Elegant_view_of_Gate_No_-_4_of_Pavagadh_hill.jpg?width=640,Gate No. 4 of Pavagadh fort,Centrally Protected Monument of National Importance (ASI)
N-GJ-106,Sat Manzil with steps right up to bastions,Gujarat,Gujarat (Rest),Panchmahal,Pavagad hill,22.462290,73.516405,Sat Manzil.JPG,https://commons.wikimedia.org/wiki/Special:FilePath/Sat_Manzil.JPG?width=640,Sat Manzil,Centrally Protected Monument of National Importance (ASI)
N-GJ-107,Mint above Gate No. 4,Gujarat,Gujarat (Rest),Panchmahal,Pavagad hill,22.470559,73.523902,,,,Centrally Protected Monument of National Importance (ASI)
N-GJ-108,Gate No. 5 Gulan Bulan Gate,Gujarat,Gujarat (Rest),Panchmahal,Pavagad hill,22.467980,73.523371,,,,Centrally Protected Monument of National Importance (ASI)
N-GJ-109,Gate No. 6 Buland Darwaja,Gujarat,Gujarat (Rest),Panchmahal,Pavagad hill,22.4651918,73.520613,,,,Centrally Protected Monument of National Importance (ASI)
N-GJ-110,Makai Kothar,Gujarat,Gujarat (Rest),Panchmahal,Pavagad hill,22.4651918,73.520613,,,,Centrally Protected Monument of National Importance (ASI)
N-GJ-111,Patai Rawal's Palace with tanks,Gujarat,Gujarat (Rest),Panchmahal,Pavagad hill,22.461641,73.527433,"Remains of Patai Rawal's (Jai Singh) Palace, Pavagadh.JPG",https://commons.wikimedia.org/wiki/Special:FilePath/Remains_of_Patai_Rawal%27s_%28Jai_Singh%29_Palace%2C_Pavagadh.JPG?width=640,Patai Rawal's Palace ruins,Centrally Protected Monument of National Importance (ASI)
N-GJ-112,Gate No. 7 Makai Gate,Gujarat,Gujarat (Rest),Panchmahal,Pavagad hill,22.465579,73.519484,,,,Centrally Protected Monument of National Importance (ASI)
N-GJ-113,Gate No. 8 Tarapore Gate,Gujarat,Gujarat (Rest),Panchmahal,Pavagad hill,22.467614,73.515446,,,,Centrally Protected Monument of National Importance (ASI)
N-GJ-114,Fort of Pavagad &amp; ruined Hindu temples &amp; Jain temples on the top of Pavagad hills,Gujarat,Gujarat (Rest),Panchmahal,Pavagad hill,22.466935,73.515211,Shikhara of the Temple.jpg,https://commons.wikimedia.org/wiki/Special:FilePath/Shikhara_of_the_Temple.jpg?width=640,Pavagadh Fort and Temples,Centrally Protected Monument of National Importance (ASI)
N-GJ-115,Navlakha Kothar,Gujarat,Gujarat (Rest),Panchmahal,Pavagad hill,22.4672932,73.5093394,Navlakha Kothar ASI GJ 115.jpg,https://commons.wikimedia.org/wiki/Special:FilePath/Navlakha_Kothar_ASI_GJ_115.jpg?width=640,Navlakha Kothar,Centrally Protected Monument of National Importance (ASI)
N-GJ-116,Walls of fort on top,Gujarat,Gujarat (Rest),Panchmahal,Pavagad hill,22.463731,73.518443,,,,Centrally Protected Monument of National Importance (ASI)
N-GJ-117,Rudra Mahalaya temple,Gujarat,Gujarat (Rest),Panchmahal,Desar,22.350548,73.551809,Dear shivalay.jpg,https://commons.wikimedia.org/wiki/Special:FilePath/Dear_shivalay.jpg?width=640,"Rudra Mahalaya temple, Desar",Centrally Protected Monument of National Importance (ASI)
N-GJ-118,Kankeshvara Mahadev temple,Gujarat,Gujarat (Rest),Panchmahal,Kakanpur,22.832235,73.484184,,,,Centrally Protected Monument of National Importance (ASI)
N-GJ-119,Ratnesvara Old temple with sculptures screen,Gujarat,Gujarat (Rest),Panchmahal,Ratanpur,22.839493,73.432039,,,,Centrally Protected Monument of National Importance (ASI)
N-GJ-120,Rudabai stepwell or Adalaj Stepwell,Gujarat,Gujarat (Rest),Gandhinagar,Adalaj,23.17,72.58,Adalaj_ki_Vav_Gujarat_240A1370_72.jpg,https://commons.wikimedia.org/wiki/Special:FilePath/Adalaj_ki_Vav_Gujarat_240A1370_72.jpg?width=640,Adalaj Stepwell,Centrally Protected Monument of National Importance (ASI)
N-GJ-121,Durvasa Rishi's Ashram &amp; its site (Pindara Group of Temples),Gujarat,Gujarat (Rest),Devbhoomi Dwarka,Pindara,22.264560,69.252885,BATTIS PUTLI TEMPLE - PINDARA 1.jpg,https://commons.wikimedia.org/wiki/Special:FilePath/BATTIS_PUTLI_TEMPLE_-_PINDARA_1.jpg?width=640,"Pindara, Gujarat",Centrally Protected Monument of National Importance (ASI)
N-GJ-122,Kalika Mata Temple,Gujarat,Gujarat (Rest),Jamnagar,Old Dhrewad,22.149327,69.072777,,,"Kalika Mata Temple, Old Dhrewad",Centrally Protected Monument of National Importance (ASI)
N-GJ-123,Gokeshwara Mahadev temple,Gujarat,Gujarat (Rest),Jamnagar,Lowrali,22.173861,69.092041,,,,Centrally Protected Monument of National Importance (ASI)
N-GJ-124,Gandhi fortress &amp; temple in Survey no.106,Gujarat,Gujarat (Rest),Jamnagar,Old Dhink,22.207823,69.080167,,,,Centrally Protected Monument of National Importance (ASI)
N-GJ-125,Temples of Rama Lakshamana,Gujarat,Gujarat (Rest),Devbhumi Dwarka,Baradia,22.195457,69.019040,RAM LAXMANA OR SAMB LAXMANA TEMPLE @ BARADIA 2.JPG,https://commons.wikimedia.org/wiki/Special:FilePath/RAM_LAXMANA_OR_SAMB_LAXMANA_TEMPLE_%40_BARADIA_2.JPG?width=640,"Ram Lakshman Temple, Baradia",Centrally Protected Monument of National Importance (ASI)
N-GJ-126,"Dwarkadhish Group of Temples with its outer compounds SNO. 1607, 1608, 1609.",Gujarat,Gujarat (Rest),Devbhumi Dwarka,Dwarka,22.237947,68.967259,"Dwarakadhish Temple Of Lord Krishna, At Dwarka, Gujarat..JPG",https://commons.wikimedia.org/wiki/Special:FilePath/Dwarakadhish_Temple_Of_Lord_Krishna%2C_At_Dwarka%2C_Gujarat..JPG?width=640,Dwarakadheesh Temple,Centrally Protected Monument of National Importance (ASI)
N-GJ-127,Kshatrapa Inscriptions,Gujarat,Gujarat (Rest),Devbhumi Dwarka,Dwarka,22.24,68.96,,,,Centrally Protected Monument of National Importance (ASI)
N-GJ-128,Rukmini Devi Temple,Gujarat,Gujarat (Rest),Devbhumi Dwarka,Dwarka,22.25739,68.964408,Rukmini Devi Temple.JPG,https://commons.wikimedia.org/wiki/Special:FilePath/Rukmini_Devi_Temple.JPG?width=640,"Rukmini Devi Temple, Dwarka",Centrally Protected Monument of National Importance (ASI)
N-GJ-129,Dhrasanvel Temple (Magderu),Gujarat,Gujarat (Rest),Devbhoomi Dwarka,Dhrasanvel,22.289094,69.051486,Dharashnvel Temple (Magderu).jpg,https://commons.wikimedia.org/wiki/Special:FilePath/Dharashnvel_Temple_%28Magderu%29.jpg?width=640,Magderu,Centrally Protected Monument of National Importance (ASI)
N-GJ-130,Guhaditya temple in S.No. 655,Gujarat,Gujarat (Rest),Jamnagar,Varvada,22.301028,68.986983,,,,Centrally Protected Monument of National Importance (ASI)
N-GJ-131,Junagadhi (Jain) Temple,Gujarat,Gujarat (Rest),Jamnagar,Vasai,22.318005,68.999070,,,,Centrally Protected Monument of National Importance (ASI)
N-GJ-132,Kankeshvara Mahadeva temple &amp; other shrines,Gujarat,Gujarat (Rest),Jamnagar,Vasai,22.318453,68.997347,,,,Centrally Protected Monument of National Importance (ASI)
N-GJ-133,Gop Temple,Gujarat,Gujarat (Rest),Jamnagar,Nani Gop,22.028611,69.928889,"Old temple, general view from the north-west, Gop, Gujarat.jpg",https://commons.wikimedia.org/wiki/Special:FilePath/Old_temple%2C_general_view_from_the_north-west%2C_Gop%2C_Gujarat.jpg?width=640,Gop temple,Centrally Protected Monument of National Importance (ASI)
N-GJ-134,Ashokan Rock (Edicts),Gujarat,Gujarat (Rest),Junagadh,Junagadh,21.5259246,70.4830738,Junagadh-ashok-shilalekh1.png,https://commons.wikimedia.org/wiki/Special:FilePath/Junagadh-ashok-shilalekh1.png?width=640,"Ashoka Major Rock Edict, Girnar",Centrally Protected Monument of National Importance (ASI)
N-GJ-135,Uparkot Caves (Buddhist Cave) of Junagadh Buddhist Cave Groups,Gujarat,Gujarat (Rest),Junagadh,Junagadh,21.5258065,70.4692958,Interior view.JPG,https://commons.wikimedia.org/wiki/Special:FilePath/Interior_view.JPG?width=640,"Buddhist caves, Uperkot",Centrally Protected Monument of National Importance (ASI)
N-GJ-136,Baba Pyare and Khapra Kodia caves of Junagadh Buddhist Cave Groups,Gujarat,Gujarat (Rest),Junagadh,Junagadh,21.5198929,70.4679251,Bava Pyara caves 006.jpg,https://commons.wikimedia.org/wiki/Special:FilePath/Bava_Pyara_caves_006.jpg?width=640,Bava Pyara Caves,Centrally Protected Monument of National Importance (ASI)
N-GJ-137,Ancient Mound,Gujarat,Gujarat (Rest),Junagadh,Intwa,21.551755,70.491552,Itwa Jogneswar Mahadev.JPG,https://commons.wikimedia.org/wiki/Special:FilePath/Itwa_Jogneswar_Mahadev.JPG?width=640,"Ancient Mound and Temple at Itwa, Junagadh.",Centrally Protected Monument of National Importance (ASI)
N-GJ-138,Jami Masjid,Gujarat,Gujarat (Rest),Junagadh,Mangrol,21.119481,70.110520,,,,Centrally Protected Monument of National Importance (ASI)
N-GJ-139,Bibi Masjid,Gujarat,Gujarat (Rest),Junagadh,Mangrol,21.121772,70.114375,,,,Centrally Protected Monument of National Importance (ASI)
N-GJ-140,Raveli Masjid,Gujarat,Gujarat (Rest),Junagadh,Mangrol,21.1217042,70.1126652,,,,Centrally Protected Monument of National Importance (ASI)
N-GJ-141,Ranchhod Rayaji Temple with wasterland around the chowk of Mahadeva Temple,Gujarat,Gujarat (Rest),Gir Somnath,Mul Dwarka,20.759359,70.661215,Mul Dwarka Temple at Visavada Porbandar Gujarat India.jpg,https://commons.wikimedia.org/wiki/Special:FilePath/Mul_Dwarka_Temple_at_Visavada_Porbandar_Gujarat_India.jpg?width=640,"Ranchhodrai Temple, Mul Dwarka",Centrally Protected Monument of National Importance (ASI)
N-GJ-142,Vithalbhai Haveli,Gujarat,Gujarat (Rest),Kheda,Vaso,22.661005,72.755834,,,,Centrally Protected Monument of National Importance (ASI)
N-GJ-143,Bhamaria Well,Gujarat,Gujarat (Rest),Kheda,Mahamadabad,22.811785,72.749130,BHAMARIA WELL Mahamadabad GUJARAT.jpg,https://commons.wikimedia.org/wiki/Special:FilePath/BHAMARIA_WELL_Mahamadabad_GUJARAT.jpg?width=640,Bhamaria well,Centrally Protected Monument of National Importance (ASI)
N-GJ-144,Temple of Galteshwar,Gujarat,Gujarat (Rest),Kheda,Sarnal,22.7850416,73.2774858,Galteshwar temple after restoration in 2021.jpg,https://commons.wikimedia.org/wiki/Special:FilePath/Galteshwar_temple_after_restoration_in_2021.jpg?width=640,Galteshwar Temple,Centrally Protected Monument of National Importance (ASI)
N-GJ-145,Tomb of Saif-ud-din &amp; Nizam-ud-din,Gujarat,Gujarat (Rest),Kheda,Sojali,22.841648,72.772095,,,,Centrally Protected Monument of National Importance (ASI)
N-GJ-146,Tomb of Mubarak Saiyyad (Roza Rozi Dargah Sharif),Gujarat,Gujarat (Rest),Kheda,Sojali,22.8423665,72.7722642,"Tomb of Mubarak Sayyid at Sojali, Gujarat, India 1855.jpg",https://commons.wikimedia.org/wiki/Special:FilePath/Tomb_of_Mubarak_Sayyid_at_Sojali%2C_Gujarat%2C_India_1855.jpg?width=640,,Centrally Protected Monument of National Importance (ASI)
N-GJ-147,Rao Lakhpatji Chhatri,Gujarat,Gujarat (Rest),Kachchh,Bhuj,23.2463574,69.6578659,"18th-century Rao Lakhpat Monuments and Chhatris, Bhuj Gujarat 060.jpg",https://commons.wikimedia.org/wiki/Special:FilePath/18th-century_Rao_Lakhpat_Monuments_and_Chhatris%2C_Bhuj_Gujarat_060.jpg?width=640,Chhatri of Rao Lakhpatji,Centrally Protected Monument of National Importance (ASI)
N-GJ-148,Siva temple,Gujarat,Gujarat (Rest),Kachchh,Kotai,23.384386,69.7823248,,,,Centrally Protected Monument of National Importance (ASI)
N-GJ-149,Excavated Site (Surkotada),Gujarat,Gujarat (Rest),Kachchh,Surkotada,23.8866023,70.2067253,,,,Centrally Protected Monument of National Importance (ASI)
N-GJ-150,Malai Mata temple,Gujarat,Gujarat (Rest),Mehsana,Palodar,23.64105,72.36051,"Back view (west) of Malai Mata temple, Palodar, Gujarat, India.jpg",https://commons.wikimedia.org/wiki/Special:FilePath/Back_view_%28west%29_of_Malai_Mata_temple%2C_Palodar%2C_Gujarat%2C_India.jpg?width=640,"Malai Mata Temple, Palodar",Centrally Protected Monument of National Importance (ASI)
N-GJ-151,Hingloji Mata temple (Hinglaj Mata),Gujarat,Gujarat (Rest),Mehsana,Khandosan,23.737163,72.4730599,,,,Centrally Protected Monument of National Importance (ASI)
N-GJ-152,Sabha Mandapa (Double Shrines) &amp; the ancient shrines (Panchmukhi Mahadev temple),Gujarat,Gujarat (Rest),Mehsana,Khandosan,23.7372111,72.4738752,,,,Centrally Protected Monument of National Importance (ASI)
N-GJ-153,Jasmalnathji Mahadev Temple (Vaijnath Mahadev temple),Gujarat,Gujarat (Rest),Mehsana,Asoda,23.5834173,72.5898466,"Jasmalnathji Shiva Temple, Asoda, Gujarat.jpg",https://commons.wikimedia.org/wiki/Special:FilePath/Jasmalnathji_Shiva_Temple%2C_Asoda%2C_Gujarat.jpg?width=640,Jasmalnathji Mahadev Temple,Centrally Protected Monument of National Importance (ASI)
N-GJ-154,Ajpal Kund (Gauri Kund),Gujarat,Gujarat (Rest),Mehsana,Vadnagar,23.782840,72.648402,"Guri kund, Vadnagar.jpg",https://commons.wikimedia.org/wiki/Special:FilePath/Guri_kund%2C_Vadnagar.jpg?width=640,Ajpal Kund,Centrally Protected Monument of National Importance (ASI)
N-GJ-155,Inscription and Arjun Bari Gate,Gujarat,Gujarat (Rest),Mehsana,Vadnagar,23.788411,72.639203,Arjun Bari Gate Vadnagar Gujarat.jpg,https://commons.wikimedia.org/wiki/Special:FilePath/Arjun_Bari_Gate_Vadnagar_Gujarat.jpg?width=640,Arjun Bari Gate and Inscription,Centrally Protected Monument of National Importance (ASI)
N-GJ-156,Kirti Toran,Gujarat,Gujarat (Rest),Mehsana,Vadnagar,23.790706,72.642108,Closer look of Kirti Toran.JPG,https://commons.wikimedia.org/wiki/Special:FilePath/Closer_look_of_Kirti_Toran.JPG?width=640,"Torana, Vadnagar",Centrally Protected Monument of National Importance (ASI)
N-GJ-157,Kund,Gujarat,Gujarat (Rest),Mehsana,Vijapur,23.564427,72.757434,,,,Centrally Protected Monument of National Importance (ASI)
N-GJ-158,"Sun temple, Surya kund with adjoining other temples and loose sculptures",Gujarat,Gujarat (Rest),Mehsana,Modhera,23.583806,72.132686,"Sun Temple, Modhera 02.jpg",https://commons.wikimedia.org/wiki/Special:FilePath/Sun_Temple%2C_Modhera_02.jpg?width=640,"Sun Temple, Modhera",Centrally Protected Monument of National Importance (ASI)
N-GJ-159,Gateway of Khan Sarovar,Gujarat,Gujarat (Rest),Patan,Patan,23.839311,72.115215,,,,Centrally Protected Monument of National Importance (ASI)
N-GJ-160,Rani ki vav,Gujarat,Gujarat (Rest),Patan,Patan,23.8586213,72.1008259,Rani ki vav entrance.jpg,https://commons.wikimedia.org/wiki/Special:FilePath/Rani_ki_vav_entrance.jpg?width=640,Rani ki vav,Centrally Protected Monument of National Importance (ASI)
N-GJ-161,Sahastralinga Tank (Excavated),Gujarat,Gujarat (Rest),Patan,Anavada,23.8623844,72.0976529,Sahasraling Talav at Pattan.jpg,https://commons.wikimedia.org/wiki/Special:FilePath/Sahasraling_Talav_at_Pattan.jpg?width=640,Sahastralinga Talao,Centrally Protected Monument of National Importance (ASI)
N-GJ-162,Shaikh Farid Tomb,Gujarat,Gujarat (Rest),Patan,Patan,23.8663433,72.0963001,,,,Centrally Protected Monument of National Importance (ASI)
N-GJ-163,Jami Masjid,Gujarat,Gujarat (Rest),Patan,Sidhpur,23.919401,72.378996,,,,Centrally Protected Monument of National Importance (ASI)
N-GJ-164,"Ruins of Rudra Mahalaya Temple, Sidhpur",Gujarat,Gujarat (Rest),Patan,Sidhpur,23.9193298,72.3769266,"Ruins of the Rudra Mala at Siddhpur, Gujarat, retouched.jpg",https://commons.wikimedia.org/wiki/Special:FilePath/Ruins_of_the_Rudra_Mala_at_Siddhpur%2C_Gujarat%2C_retouched.jpg?width=640,Rudra Mahalaya Temple,Centrally Protected Monument of National Importance (ASI)
N-GJ-165,Nilkantheswar Mahadev temple,Gujarat,Gujarat (Rest),Patan,Sunak,23.8026825,72.3175234,"10th-century Nilakantha temple, Sunak Gujarat 140.jpg",https://commons.wikimedia.org/wiki/Special:FilePath/10th-century_Nilakantha_temple%2C_Sunak_Gujarat_140.jpg?width=640,"Nilakantha Mahadeva Temple, Sunak",Centrally Protected Monument of National Importance (ASI)
N-GJ-166,Sivai Mata temple,Gujarat,Gujarat (Rest),Patan,Sunak,23.8029434,72.3163822,,,,Centrally Protected Monument of National Importance (ASI)
N-GJ-167,Nilkantheswar Mahadev temple,Gujarat,Gujarat (Rest),Patan,Ruhavi,23.769284,72.300576,,,,Centrally Protected Monument of National Importance (ASI)
N-GJ-168,Two small shrines Sanderi Mata temple,Gujarat,Gujarat (Rest),Patan,Sander,23.767870,72.259281,"Ancient shrines,sander,Dist. Patan.jpg",https://commons.wikimedia.org/wiki/Special:FilePath/Ancient_shrines%2Csander%2CDist._Patan.jpg?width=640,"Two small shrines near Sanderi Mata temple, Sander",Centrally Protected Monument of National Importance (ASI)
N-GJ-169,Sitamata temple,Gujarat,Gujarat (Rest),Patan,Piludra,23.664928,72.431899,,,,Centrally Protected Monument of National Importance (ASI)
N-GJ-170,Torana with a Sun image,Gujarat,Gujarat (Rest),Patan,Piludra,23.663910,72.431544,,,,Centrally Protected Monument of National Importance (ASI)
N-GJ-171,Limboji Mata temple,Gujarat,Gujarat (Rest),Patan,Delmal,23.6430806,71.9920321,"1885 photo of Hindu temple ruins at Dilmal, Gujarat, India.jpg",https://commons.wikimedia.org/wiki/Special:FilePath/1885_photo_of_Hindu_temple_ruins_at_Dilmal%2C_Gujarat%2C_India.jpg?width=640,Delmal Group of Temples,Centrally Protected Monument of National Importance (ASI)
N-GJ-172,"Kirti Mandir, Porbandar (House where Mahatma Gandhi was born)",Gujarat,Gujarat (Rest),Porbandar,Porbandar,21.641111,69.600556,"kirti mandir"".jpg",https://commons.wikimedia.org/wiki/Special:FilePath/kirti_mandir%22.jpg?width=640,"Kirti Mandir, Porbandar",Centrally Protected Monument of National Importance (ASI)
N-GJ-173,Old Parsvanath temple,Gujarat,Gujarat (Rest),Porbandar,Miyani,21.839603,69.382297,,,,Centrally Protected Monument of National Importance (ASI)
N-GJ-174,Dhank Caves,Gujarat,Gujarat (Rest),Rajkot,Dhank,21.834,70.083,Buddha Caves in Rajkot District.jpg,https://commons.wikimedia.org/wiki/Special:FilePath/Buddha_Caves_in_Rajkot_District.jpg?width=640,Rajkot caves,Centrally Protected Monument of National Importance (ASI)
N-GJ-175,Tomb of Sikandarshah,Gujarat,Gujarat (Rest),Sabarkanta,Prantji,23.435678,72.857663,Tomb of Sikandar Shah - Prantij - Sabarkantha - DSC001.jpg,https://commons.wikimedia.org/wiki/Special:FilePath/Tomb_of_Sikandar_Shah_-_Prantij_-_Sabarkantha_-_DSC001.jpg?width=640,"Tomb of Sikandar Shah, Prantij",Centrally Protected Monument of National Importance (ASI)
N-GJ-176,Roda Group of Temples,Gujarat,Gujarat (Rest),Sabarkanta,Khed &amp; Roda,23.659032,73.083052,Roda Temples-8.jpg,https://commons.wikimedia.org/wiki/Special:FilePath/Roda_Temples-8.jpg?width=640,"Group of temples, Khed and Roda",Centrally Protected Monument of National Importance (ASI)
N-GJ-177,Dargah known as Khawaja Dana Saheb's Rouza,Gujarat,Gujarat (Rest),Surat,Surat,21.1911917,72.8211006,KHAWAJA DANA SAHEB ROUZA.JPG,https://commons.wikimedia.org/wiki/Special:FilePath/KHAWAJA_DANA_SAHEB_ROUZA.JPG?width=640,Dargah Hazrat Khwaja Dana,Centrally Protected Monument of National Importance (ASI)
N-GJ-178,Old English Tombs,Gujarat,Gujarat (Rest),Surat,Surat,21.2109089,72.8258921,"The buried legacy"" - The Old English Tombs of 18th century stand silently amidst the hustle and the bustle of the city Surat..jpg",https://commons.wikimedia.org/wiki/Special:FilePath/The_buried_legacy%22_-_The_Old_English_Tombs_of_18th_century_stand_silently_amidst_the_hustle_and_the_bustle_of_the_city_Surat..jpg?width=640,"Old English Tombs, Surat",Centrally Protected Monument of National Importance (ASI)
N-GJ-179,Tomb of Khawaja Safar Sulemani (Khudawand Khan Rojo),Gujarat,Gujarat (Rest),Surat,Surat,21.204222,72.823630,Marjan Sami Masjhid.jpg,https://commons.wikimedia.org/wiki/Special:FilePath/Marjan_Sami_Masjhid.jpg?width=640,,Centrally Protected Monument of National Importance (ASI)
N-GJ-180,Old Dutch &amp; Armenian Tombs &amp; Cemeteries,Gujarat,Gujarat (Rest),Surat,Surat,21.2096158,72.8263811,Main dutch tomb.jpg,https://commons.wikimedia.org/wiki/Special:FilePath/Main_dutch_tomb.jpg?width=640,"Old Dutch and Armenian Tombs and Cemeteries, Surat",Centrally Protected Monument of National Importance (ASI)
N-GJ-181,Ancient site comprising S.Plot No.535,Gujarat,Gujarat (Rest),Surat,Kamrej,21.282601,72.967180,,,,Centrally Protected Monument of National Importance (ASI)
N-GJ-182,Fateh Burj,Gujarat,Gujarat (Rest),Surat,Vyara,21.114547,73.395040,,,,Centrally Protected Monument of National Importance (ASI)
N-GJ-183,Ranakdevi's Temple,Gujarat,Gujarat (Rest),Surendranagar,Wadhwan,22.7136058,71.6760174,"1899 photograph of Ranak Devi Temple from south-west, Wadhwan, Kathiawar.jpg",https://commons.wikimedia.org/wiki/Special:FilePath/1899_photograph_of_Ranak_Devi_Temple_from_south-west%2C_Wadhwan%2C_Kathiawar.jpg?width=640,Ranakadevi Temple,Centrally Protected Monument of National Importance (ASI)
N-GJ-184,"Ancient Mound (Rangpur, Gujarat)",Gujarat,Gujarat (Rest),Surendranagar,Rangpur,22.400623,71.928740,,,,Centrally Protected Monument of National Importance (ASI)
N-GJ-185,Sun Temple,Gujarat,Gujarat (Rest),Surendranagar,Thangadh,22.597305,71.214803,"Surya temple, Than Gujarat.jpg",https://commons.wikimedia.org/wiki/Special:FilePath/Surya_temple%2C_Than_Gujarat.jpg?width=640,"Thangadh, Gujarat",Centrally Protected Monument of National Importance (ASI)
N-GJ-186,Navlakha temple,Gujarat,Gujarat (Rest),Surendranagar,Sejakpur,22.4572546,71.4124424,Sejakpur - Navlakha Temple.jpg,https://commons.wikimedia.org/wiki/Special:FilePath/Sejakpur_-_Navlakha_Temple.jpg?width=640,"Navlakha Temple, Sejakpur",Centrally Protected Monument of National Importance (ASI)
N-GJ-187,Ancient Site/Mound (Ganesh temple) in village,Gujarat,Gujarat (Rest),Surendranagar,Sejakpur,22.456888,71.414446,,,,Centrally Protected Monument of National Importance (ASI)
N-GJ-188,Darbargarh,Gujarat,Gujarat (Rest),Surendranagar,Halwad,23.011568,71.178670,,,,Centrally Protected Monument of National Importance (ASI)
N-GJ-189,Ananteshwara temple,Gujarat,Gujarat (Rest),Surendranagar,Bhadia Anandpur,22.2245196,71.1675705,,,,Centrally Protected Monument of National Importance (ASI)
N-GJ-190,Fresco Rooms in Bhau Tambekar's Wada,Gujarat,Gujarat (Rest),Vadodara,Vadodara,22.3027654,73.1969569,Fresco Rooms in Bhau Tambekar's Wada 04.jpg,https://commons.wikimedia.org/wiki/Special:FilePath/Fresco_Rooms_in_Bhau_Tambekar%27s_Wada_04.jpg?width=640,Tambekar Wada,Centrally Protected Monument of National Importance (ASI)
N-GJ-191,"Historic Site S.No. 431,435",Gujarat,Gujarat (Rest),Vadodara,Vadodara,22.3008275,73.1812277,"Historic Site S No 431,435.jpg",https://commons.wikimedia.org/wiki/Special:FilePath/Historic_Site_S_No_431%2C435.jpg?width=640,,Centrally Protected Monument of National Importance (ASI)
N-GJ-192,Hazira or Qutbuddin Mahmad Khan's Tomb (Hazira Maqbara),Gujarat,Gujarat (Rest),Vadodara,Danteshwar,22.2780622,73.206665,Hazira or Qutbuddin Mahmad Khan's Tomb.jpg,https://commons.wikimedia.org/wiki/Special:FilePath/Hazira_or_Qutbuddin_Mahmad_Khan%27s_Tomb.jpg?width=640,Hazira Maqbara,Centrally Protected Monument of National Importance (ASI)
N-GJ-193,Ancient Site (Excavated) at Kayavarohan,Gujarat,Gujarat (Rest),Vadodara,Kayavarohan,22.081067,73.249753,Ancient excavated site at Kayavarohan.jpg,https://commons.wikimedia.org/wiki/Special:FilePath/Ancient_excavated_site_at_Kayavarohan.jpg?width=640,Ancient excavated site at Kayavarohan,Centrally Protected Monument of National Importance (ASI)
N-GJ-194,Gateway of Torana,Gujarat,Gujarat (Rest),Vadodara,Kayavarohan,22.082522,73.247791,Gateway of Torana (N-GJ-194) (9).jpg,https://commons.wikimedia.org/wiki/Special:FilePath/Gateway_of_Torana_%28N-GJ-194%29_%289%29.jpg?width=640,"Torana Gateway, Kayavarohan",Centrally Protected Monument of National Importance (ASI)
N-GJ-195,Ancient site of Sandhiyapura,Gujarat,Gujarat (Rest),Vadodara,Goraj,22.331658,73.476331,,,,Centrally Protected Monument of National Importance (ASI)
N-GJ-196,Vadodara Gate &amp; its adjacent construction,Gujarat,Gujarat (Rest),Vadodara,Dabhoi,22.1344384,73.4155705,"12th to 13th-century Vadodari Gate, Dabhoi Fort, Gujarat 025.jpg",https://commons.wikimedia.org/wiki/Special:FilePath/12th_to_13th-century_Vadodari_Gate%2C_Dabhoi_Fort%2C_Gujarat_025.jpg?width=640,"Vadodara Gate, Dabhoi",Centrally Protected Monument of National Importance (ASI)
N-GJ-197,"Hira Gate with S.No. 38, 41, 45, 47 &amp; Ticca No. 102&amp;103.",Gujarat,Gujarat (Rest),Vadodara,Dabhoi,22.1334856,73.4244579,"12th to 13th-century Hira Gate, Dabhoi Durg Gujarat 341.jpg",https://commons.wikimedia.org/wiki/Special:FilePath/12th_to_13th-century_Hira_Gate%2C_Dabhoi_Durg_Gujarat_341.jpg?width=640,"Hira Gate, Dabhoi",Centrally Protected Monument of National Importance (ASI)
N-GJ-198,Mahudi (Champaneri) Gate &amp; adjacent construction,Gujarat,Gujarat (Rest),Vadodara,Dabhoi,22.1377771,73.4184886,"12th to 13th century Mahudi Champaneri Gate, Dabhoi Gujarat 030.jpg",https://commons.wikimedia.org/wiki/Special:FilePath/12th_to_13th_century_Mahudi_Champaneri_Gate%2C_Dabhoi_Gujarat_030.jpg?width=640,"Mahudi (Champaneri) Gate, Dabhoi",Centrally Protected Monument of National Importance (ASI)
N-GJ-199,Nandodi Gate with adjacent construction,Gujarat,Gujarat (Rest),Vadodara,Dabhoi,22.1297718,73.4203904,"12th to 13th-century Nandodi gate, Dabhoi Fort, Gujarat 021.jpg",https://commons.wikimedia.org/wiki/Special:FilePath/12th_to_13th-century_Nandodi_gate%2C_Dabhoi_Fort%2C_Gujarat_021.jpg?width=640,"Nandodi Gate, Dabhoi",Centrally Protected Monument of National Importance (ASI)
N-GJ-200,Saptamukhi Vav,Gujarat,Gujarat (Rest),Vadodara,Dabhoi,22.135293,73.421896,Saptmukhi Vav-Dabhoi - Gujarat -001.jpg,https://commons.wikimedia.org/wiki/Special:FilePath/Saptmukhi_Vav-Dabhoi_-_Gujarat_-001.jpg?width=640,Saptmukhi Vav,Centrally Protected Monument of National Importance (ASI)
N-GJ-201,"Microlithic site S.No. 311,12,13 &amp; 298",Gujarat,Gujarat (Rest),Vadodara,Amarapura,22.676663,73.271515,,,,Centrally Protected Monument of National Importance (ASI)
N-GJ-202,Dholavira (Ancient Site (Kotada)),Gujarat,Gujarat (Rest),Kutch,Dholavira,23.886111,70.216667,Cicular houses Dholavira.jpg,https://commons.wikimedia.org/wiki/Special:FilePath/Cicular_houses_Dholavira.jpg?width=640,Dholavira,Centrally Protected Monument of National Importance (ASI)
N-GJ-203,Archeological Site and Remains,Gujarat,Gujarat (Rest),Kutch,"Juni Kuran, Bhuj",23.946255,69.767039,,,,Centrally Protected Monument of National Importance (ASI)
