Monument_Name,State_UT,Heritage_Status,ASI_ID,Latitude,Longitude,Open_Images_Count,ThreeD_Scan_Mesh_Source,Recognition_Dataset_Support,Pretrained_Vision_Support,Authoritative_RAG_Source,Multilingual_Support,OSM_Boundary_Footways,MVP_Readiness_Score_10,Pilot_Recommendation
Taj Mahal,Uttar Pradesh,UNESCO World Heritage,N-UP-A28,27.1750,78.0422,12000+,CyArk / Sketchfab CC / OpenHeritage3D,"GLDv2, Kaggle 24","DINOv2, SigLIP, CLIP",ASI Agra Circle + UNESCO OUV,"HI, EN, UR, +10 Indic",Complete (Full complex),10,Agra Pilot
Qutub Minar Complex,Delhi,UNESCO World Heritage,N-DL-1,28.5245,77.1855,6500+,Sketchfab CC (Full tower + Iron pillar),"GLDv2, Kaggle 24","DINOv2, SigLIP, CLIP",ASI Delhi Circle + UNESCO Dossier,"HI, EN, UR, +10 Indic",Complete (Paved footways & gates),10,Delhi Pilot (P0)
Red Fort (Lal Qila),Delhi,UNESCO World Heritage,N-DL-2,28.6562,77.2410,8000+,"Sketchfab CC (Lahore Gate, Diwan-i-Khas)","GLDv2, Kaggle 24","DINOv2, SigLIP, CLIP",ASI Delhi Circle + Indian Culture Portal,"HI, EN, UR, +10 Indic",Complete (Interior gardens mapped),10,Delhi Pilot (P0)
Humayun Tomb,Delhi,UNESCO World Heritage,N-DL-3,28.5933,77.2507,4200+,Aga Khan Trust for Culture / Sketchfab CC,"GLDv2, Kaggle 24","DINOv2, SigLIP, CLIP",ASI Delhi Circle + AKTC Monograph,"HI, EN, UR, +10 Indic",Complete (Full Charbagh grid),10,Delhi Pilot (P0)
Fatehpur Sikri,Uttar Pradesh,UNESCO World Heritage,N-UP-A22,27.0945,77.6679,5100+,Buland Darwaza Sketchfab CC,"GLDv2, Kaggle 24","DINOv2, SigLIP, CLIP",ASI Agra Circle + UNESCO Dossier,"HI, EN, UR, +10 Indic",Complete (Courtyards mapped),9,Agra Pilot
Ajanta Caves,Maharashtra,UNESCO World Heritage,N-MH-A1,20.5519,75.7033,3800+,ASI Terrestrial Laser Scans / IITB Digital,"GLDv2, Kaggle 24","DINOv2, SigLIP, CLIP",ASI Aurangabad Circle + UNESCO,"MR, HI, EN, +10 Indic",Complete (Crescent ravine path),9,Maharashtra Cluster
Ellora Caves (Kailash Temple),Maharashtra,UNESCO World Heritage,N-MH-A2,20.0268,75.1792,4500+,Kailash Temple Sketchfab CC / CyArk,"GLDv2, Kaggle 24","DINOv2, SigLIP, CLIP",ASI Aurangabad Circle + UNESCO,"MR, HI, EN, +10 Indic",Complete (Cave 1-34 tagged),9,Maharashtra Cluster
Elephanta Caves,Maharashtra,UNESCO World Heritage,N-MH-M1,18.9633,72.9315,2100+,OpenHeritage3D / CyArk Full LiDAR & Mesh,"GLDv2, CyArk","DINOv2, SigLIP, CLIP",ASI Mumbai Circle + INSTUCEN Trust,"MR, HI, EN, +10 Indic",Complete (Island jetty to caves),10,Maharashtra Cluster
Konark Sun Temple,Odisha,UNESCO World Heritage,N-OR-1,19.8876,86.0945,3400+,ASI 3D Laser Scan / Sketchfab Wheel mesh,"GLDv2, Kaggle 24","DINOv2, SigLIP, CLIP",ASI Bhubaneswar Circle + UNESCO,"OD, HI, EN, +10 Indic",Complete (Complex boundary),9,Eastern Circuit
Khajuraho Group of Temples,Madhya Pradesh,UNESCO World Heritage,N-MP-P1,24.8518,79.9199,4900+,Kandariya Mahadeva Sketchfab CC,"GLDv2, Kaggle 24","DINOv2, SigLIP, CLIP",ASI Bhopal Circle + UNESCO,"HI, EN, +10 Indic",Complete (Western group gardens),9,Central Circuit
Hampi (Vittala & Virupaksha),Karnataka,UNESCO World Heritage,N-KA-B1,15.3350,76.4600,7200+,DST Indian Digital Heritage (IDH) Scans,"GLDv2, Kaggle 24","DINOv2, SigLIP, CLIP",ASI Hampi Mini Circle + IDH Project,"KN, HI, EN, +10 Indic",Complete (Trails & monuments),10,Hampi Pilot (P1)
Rani ki Vav,Gujarat,UNESCO World Heritage,N-GJ-P1,23.8589,72.1014,1800+,Scottish Ten / Historic Env Scotland / CyArk,"GLDv2, OpenHeritage3D","DINOv2, SigLIP, CLIP",ASI Vadodara Circle + Scottish Ten,"GU, HI, EN, +10 Indic",Complete (Stepwell polygon),10,Western Circuit
Mahabalipuram Monuments,Tamil Nadu,UNESCO World Heritage,N-TN-C1,12.6269,80.1927,3600+,Shore Temple & Pancha Rathas Sketchfab CC,"GLDv2, Kaggle 24","DINOv2, SigLIP, CLIP",ASI Chennai Circle + UNESCO,"TA, HI, EN, +10 Indic",Complete (Coastal heritage zone),9,Southern Circuit
Sanchi Stupa,Madhya Pradesh,UNESCO World Heritage,N-MP-S1,23.4795,77.7397,2900+,Great Stupa Torana Gateways Sketchfab CC,"GLDv2, Kaggle 24","DINOv2, SigLIP, CLIP",ASI Bhopal Circle + UNESCO,"HI, EN, +10 Indic",Complete (Hilltop complex),9,Central Circuit
Brihadisvara Temple (Thanjavur),Tamil Nadu,UNESCO World Heritage,N-TN-T1,10.7828,79.1318,3100+,Vimana & Nandi Pavilion Sketchfab CC,"GLDv2, Kaggle 24","DINOv2, SigLIP, CLIP",ASI Chennai Circle + UNESCO Chola,"TA, HI, EN, +10 Indic",Complete (Moat & inner prakara),9,Southern Circuit
Hawa Mahal,Rajasthan,UNESCO (Jaipur City),State Protected,26.9239,75.8267,5500+,Façade 3D Photogrammetry Sketchfab CC,"GLDv2, Kaggle 24","DINOv2, SigLIP, CLIP",Rajasthan Tourism / Dept of Arch,"HI, EN, +10 Indic",Complete (Sireh Deori Bazar),9,Rajasthan Pilot
Amer Fort,Rajasthan,UNESCO (Hill Forts),State Protected,26.9855,75.8513,6100+,Ganesh Pol & Sheesh Mahal Sketchfab CC,"GLDv2, Kaggle 24","DINOv2, SigLIP, CLIP",Rajasthan Tourism + UNESCO Dossier,"HI, EN, +10 Indic",Complete (Ramparts & courtyards),9,Rajasthan Pilot
Charminar,Telangana,ASI Protected,N-TG-H1,17.3616,78.4747,4800+,Drone Photogrammetry Sketchfab CC,"GLDv2, Kaggle 24","DINOv2, SigLIP, CLIP",ASI Hyderabad Circle,"TE, UR, HI, EN, +10 Indic",Complete (Pedestrianized plaza),9,Deccan Circuit
Golconda Fort,Telangana,ASI Protected,N-TG-H2,17.3833,78.4011,3900+,ASI LiDAR Survey / Sketchfab CC,GLDv2,"DINOv2, SigLIP, CLIP",ASI Hyderabad Circle,"TE, UR, HI, EN, +10 Indic",Complete (Bala Hissar trail),9,Deccan Circuit
Gateway of India,Maharashtra,State Protected,State Protected,18.9220,72.8347,7500+,Harbor & Arch Sketchfab CC,"GLDv2, Kaggle 24","DINOv2, SigLIP, CLIP",Maharashtra Tourism / BMC Heritage,"MR, HI, EN, +10 Indic",Complete (Waterfront promenade),9,Mumbai Pilot
Victoria Memorial,West Bengal,National Trust,National Trust,22.5448,88.3426,6200+,Full Marble Structure Sketchfab CC,"GLDv2, Kaggle 24","DINOv2, SigLIP, CLIP",Victoria Memorial Hall Trust / Min of Cult,"BN, HI, EN, +10 Indic",Complete (Maidan gardens & lake),9,Eastern Circuit
Golden Temple (Harmandir Sahib),Punjab,Religious Sacred Site,SGPC Sacred,31.6200,74.8765,8500+,Amrit Sarovar & Sanctum Sketchfab CC,"GLDv2, Kaggle 24","DINOv2, SigLIP, CLIP",SGPC Official + Punjab Tourism,"PA, HI, EN, +10 Indic",Complete (Parikrama marble walkway),9,Northern Circuit
"Aam Khas Bagh, Sirhind",Punjab,ASI Protected,N-PB-1,30.6385,76.3860,450+,CyArk / OpenHeritage3D Full Laser Scan,OpenHeritage3D,"DINOv2, SigLIP, CLIP",ASI Chandigarh Circle + CyArk,"PA, HI, EN, +10 Indic",Complete (Mughal garden boundary),9,Northern Circuit
Meenakshi Amman Temple,Tamil Nadu,State HR&CE,HR&CE TN,9.9195,78.1193,4100+,South Gopuram Sketchfab CC,GLDv2,"DINOv2, SigLIP, CLIP",HR&CE Dept TN + Tamil Nadu Tourism,"TA, HI, EN, +10 Indic",Complete (4 concentric towers),9,Southern Circuit
Chhatrapati Shivaji Maharaj Terminus,Maharashtra,UNESCO World Heritage,Central Railway,18.9400,72.8353,5200+,Gothic Façade & Dome Sketchfab CC,GLDv2,"DINOv2, SigLIP, CLIP",Central Railway Heritage + UNESCO,"MR, HI, EN, +10 Indic",Complete (Heritage wing & plaza),9,Mumbai Pilot
Jantar Mantar (Jaipur),Rajasthan,UNESCO World Heritage,State Protected,26.9248,75.8246,3100+,Samrat Yantra Sketchfab CC,GLDv2,"DINOv2, SigLIP, CLIP",Rajasthan Tourism + UNESCO,"HI, EN, +10 Indic",Complete (Instrument layout),9,Rajasthan Pilot
City Palace (Udaipur),Rajasthan,Private Trust Heritage,MMCF Trust,24.5764,73.6835,4600+,Lake Pichola Façade Sketchfab CC,GLDv2,"DINOv2, SigLIP, CLIP",Maharana of Mewar Charitable Trust,"HI, EN, +10 Indic",Complete (Courtyards & gates),9,Rajasthan Circuit
"Sun Temple, Modhera",Gujarat,ASI Protected,N-GJ-M1,23.5835,72.1331,1500+,Surya Kund Stepwell Sketchfab CC,GLDv2,"DINOv2, SigLIP, CLIP",ASI Vadodara Circle,"GU, HI, EN, +10 Indic",Complete (Kund steps & Sabha Mandap),8,Western Circuit
Champaner-Pavagadh,Gujarat,UNESCO World Heritage,N-GJ-P2,22.4833,73.5333,1200+,Jama Masjid Minarets Sketchfab CC,GLDv2,"DINOv2, SigLIP, CLIP",ASI Vadodara Circle + UNESCO,"GU, HI, EN, +10 Indic",Complete (Citadel wall & mosque),8,Western Circuit
Gwalior Fort,Madhya Pradesh,ASI Protected,N-MP-G1,26.2307,78.1696,2400+,Man Mandir Palace Blue Tile Façade CC,GLDv2,"DINOv2, SigLIP, CLIP",ASI Bhopal Circle,"HI, EN, +10 Indic",Complete (Hilltop fort plateau),8,Central Circuit
Chittorgarh Fort,Rajasthan,UNESCO (Hill Forts),N-RJ-C1,24.8879,74.6453,3700+,Vijay Stambha Tower of Fame CC,GLDv2,"DINOv2, SigLIP, CLIP",ASI Jaipur Circle + UNESCO Dossier,"HI, EN, +10 Indic",Complete (Massive mesa road graph),8,Rajasthan Circuit
Kumbhalgarh Fort,Rajasthan,UNESCO (Hill Forts),N-RJ-U1,25.1478,73.5872,2200+,Great Wall of India Ramparts CC,GLDv2,"DINOv2, SigLIP, CLIP",ASI Jaipur Circle + UNESCO Dossier,"HI, EN, +10 Indic",Complete (36km perimeter trail),8,Rajasthan Circuit
"Shore Temple, Mamallapuram",Tamil Nadu,UNESCO World Heritage,N-TN-C2,12.6167,80.1983,2800+,Shore Temple Granite Vimana CC,GLDv2,"DINOv2, SigLIP, CLIP",ASI Chennai Circle + UNESCO,"TA, HI, EN, +10 Indic",Complete (Bay of Bengal breakwater),9,Southern Circuit
Airavatesvara Temple (Darasuram),Tamil Nadu,UNESCO World Heritage,N-TN-T2,10.9483,79.3567,1100+,Chariot Mandapam Carvings CC,GLDv2,"DINOv2, SigLIP, CLIP",ASI Chennai Circle + UNESCO Chola,"TA, HI, EN, +10 Indic",Complete (Inner court & gopuram),8,Southern Circuit
Pattadakal Group of Monuments,Karnataka,UNESCO World Heritage,N-KA-B2,15.9486,75.8161,1900+,Virupaksha Chalukya Temple CC,GLDv2,"DINOv2, SigLIP, CLIP",ASI Dharwad Circle + UNESCO,"KN, HI, EN, +10 Indic",Complete (Malaprabha riverside),8,Karnataka Circuit
Badami Cave Temples,Karnataka,ASI Protected,N-KA-B3,15.9186,75.6828,2400+,Cave 1 Nataraja Carvings CC,GLDv2,"DINOv2, SigLIP, CLIP",ASI Dharwad Circle,"KN, HI, EN, +10 Indic",Complete (Agastya lake cliffs),8,Karnataka Circuit
Aihole Temple Complex,Karnataka,ASI Protected,N-KA-B4,16.0219,75.8822,1600+,Durga Temple Horseshoe Apsidal CC,GLDv2,"DINOv2, SigLIP, CLIP",ASI Dharwad Circle,"KN, HI, EN, +10 Indic",Complete (Village cluster boundaries),8,Karnataka Circuit
Nalanda Mahavihara (Ruins),Bihar,UNESCO World Heritage,N-BR-N1,25.1357,85.4439,2100+,Monastery Stupa Site 3 CC,GLDv2,"DINOv2, SigLIP, CLIP",ASI Patna Circle + UNESCO Dossier,"HI, EN, +10 Indic",Complete (Excavated brick grid),8,Buddhist Circuit
Mahabodhi Temple Complex,Bihar,UNESCO World Heritage,N-BR-G1,24.6960,84.9914,3500+,Central Pyramidal Spire CC,GLDv2,"DINOv2, SigLIP, CLIP",Bodhgaya Temple Mgmt Committee + UNESCO,"HI, EN, +10 Indic",Complete (Bodhi tree & parikrama),9,Buddhist Circuit
Basilica of Bom Jesus (Old Goa),Goa,UNESCO World Heritage,N-GA-1,15.5008,73.9116,3200+,Baroque Basalt Façade CC,GLDv2,"DINOv2, SigLIP, CLIP",ASI Goa Circle + UNESCO,"KO, HI, EN, +10 Indic",Complete (Church grounds),9,Goa Circuit
Se Cathedral (Old Goa),Goa,UNESCO World Heritage,N-GA-2,15.5036,73.9122,2600+,Tuscan Exterior & Golden Bell CC,GLDv2,"DINOv2, SigLIP, CLIP",ASI Goa Circle + UNESCO,"KO, HI, EN, +10 Indic",Complete (Opposite Bom Jesus),9,Goa Circuit
Jaisalmer Fort (Sonar Qila),Rajasthan,UNESCO (Hill Forts),N-RJ-J1,26.9124,70.9127,4300+,Yellow Sandstone Bastions CC,GLDv2,"DINOv2, SigLIP, CLIP",ASI Jaipur Circle + UNESCO Dossier,"HI, EN, +10 Indic",Complete (Living fort street maze),8,Rajasthan Circuit
Mehrangarh Fort (Jodhpur),Rajasthan,Private Trust Heritage,MMF Trust,26.2978,73.0185,5400+,Imposing Cliff Ramparts CC,GLDv2,"DINOv2, SigLIP, CLIP",Mehrangarh Museum Trust Official,"HI, EN, +10 Indic",Complete (Elevated pathway & gates),9,Rajasthan Circuit
Safdarjung Tomb,Delhi,ASI Protected,N-DL-4,28.5893,77.2106,2300+,Late Mughal Charbagh CC,GLDv2,"DINOv2, SigLIP, CLIP",ASI Delhi Circle,"HI, EN, UR, +10 Indic",Complete (Charbagh garden walls),9,Delhi Pilot (P0)
Hauz Khas Complex,Delhi,ASI Protected,N-DL-5,28.5528,77.1944,3100+,Madrasa & Firoz Shah Tomb CC,GLDv2,"DINOv2, SigLIP, CLIP",ASI Delhi Circle,"HI, EN, UR, +10 Indic",Complete (Reservoir & ruins),9,Delhi Pilot (P0)
Purana Qila (Old Fort),Delhi,ASI Protected,N-DL-6,28.6094,77.2436,2900+,Qila-i-Kuhna Mosque & Sher Mandal CC,GLDv2,"DINOv2, SigLIP, CLIP",ASI Delhi Circle + Excavation Reports,"HI, EN, UR, +10 Indic",Complete (Ramparts & moat park),9,Delhi Pilot (P0)
Mehtab Bagh,Uttar Pradesh,ASI Protected,N-UP-A29,27.1799,78.0421,1400+,Moonlight Garden across Yamuna CC,GLDv2,"DINOv2, SigLIP, CLIP",ASI Agra Circle,"HI, EN, UR, +10 Indic",Complete (Opposite Taj Mahal axis),9,Agra Pilot
Itmad-ud-Daulah (Baby Taj),Uttar Pradesh,ASI Protected,N-UP-A30,27.1929,78.0310,2700+,Pietra Dura Inlay Marble Pavilion CC,GLDv2,"DINOv2, SigLIP, CLIP",ASI Agra Circle,"HI, EN, UR, +10 Indic",Complete (Riverside garden),9,Agra Pilot
Akbar Tomb (Sikandra),Uttar Pradesh,ASI Protected,N-UP-A31,27.2206,77.9505,2500+,Tiered Sandstone & Marble Gateway CC,GLDv2,"DINOv2, SigLIP, CLIP",ASI Agra Circle,"HI, EN, UR, +10 Indic",Complete (Deer park walled enclosure),9,Agra Pilot
"National Museum, Janpath",Delhi,Premier National Museum,Ministry of Culture,28.6118,77.2193,1500+ (Galleries),Smithsonian / Indian Culture Portal 3D Scans,Museum Object Benchmarks,"DINOv2, CLIP, SigLIP",National Museum New Delhi Curatorial Catalogs,"HI, EN, +10 Indic",Complete (Museum building & floorplan),10,Delhi Pilot (P0 - Museum MVP)
